SIRA;Fakulte;Sinif;Cinsiyet;Ortalama;L1;L2;L3;L4;L5;L6;L7;L8;L9;L10;L11;L12;L13;L14;L15;L16;L17;L18;L19;L20
1;Diger;4;Kadýn;2.88;2;1;2;1;2;1;2;1;2;1;2;1;2;1;3;1;2;2;2;1
2;Diger;4;Kadýn;2.93;1;1;4;2;4;5;1;3;1;1;1;3;1;1;3;1;2;2;2;1
3;Diger;5;Kadýn;3.12;2;4;4;4;4;4;4;3;4;2;4;4;2;1;4;1;2;2;2;2
4;Diger;4;Kadýn;3.28;2;2;3;3;4;3;3;3;4;3;3;3;2;2;3;2;2;3;3;3
5;Diger;5;Kadýn;3.00;1;1;1;2;2;4;5;1;1;2;3;5;1;1;2;1;1;4;2;1
6;Diger;4;Kadýn;3.25;3;4;4;4;5;3;4;4;3;4;4;4;2;3;3;2;3;3;4;3
7;Diger;4;Kadýn;2.68;3;4;3;4;4;3;4;4;5;4;5;5;3;4;4;2;4;2;3;4
8;Diger;4;Kadýn;3.35;1;3;1;1;1;5;1;1;1;1;4;2;1;1;1;2;1;1;1;1
9;Diger;4;Kadýn;3.56;1;4;4;2;3;4;2;2;3;4;3;3;1;2;2;2;2;2;4;3
10;Diger;4;Kadýn;3.33;2;1;4;3;4;2;3;1;4;2;2;2;4;5;4;5;4;3;2;4
11;Diger;4;Kadýn;3.30;1;1;1;1;1;1;2;1;1;1;1;1;1;1;2;3;1;3;2;2
12;Diger;5;Erkek;3.35;2;2;3;4;2;2;4;1;1;2;3;NA;3;4;3;1;3;NA;4;3
13;Diger;4;Kadýn;3.42;1;1;1;1;1;3;1;1;2;1;4;1;2;5;5;5;3;5;5;5
14;Diger;4;Kadýn;3.54;2;2;4;1;2;3;3;1;1;2;2;2;4;3;4;4;4;4;2;3
15;Diger;4;Kadýn;3.21;2;1;1;2;1;4;1;3;1;1;1;1;3;2;3;1;5;3;5;5
16;Diger;4;Kadýn;3.41;2;4;3;2;4;2;2;3;3;2;3;2;1;2;3;2;2;2;3;2
17;Diger;4;Erkek;3.55;2;1;4;3;1;4;1;4;1;1;2;1;2;2;3;2;2;5;3;4
18;Diger;4;Erkek;3.78;2;1;4;4;4;2;1;4;1;2;3;1;1;1;4;1;NA;2;2;1
19;Diger;4;Erkek;2.60;4;2;4;2;3;4;5;4;4;4;3;3;4;3;5;4;3;3;4;2
20;Diger;4;Kadýn;3.35;2;3;2;2;5;4;4;1;3;4;2;4;3;3;5;5;1;3;4;5
21;Diger;4;Kadýn;3.39;4;4;4;5;5;5;3;4;4;4;5;4;5;4;5;3;5;4;5;4
22;Diger;5;Kadýn;2.89;2;3;2;2;3;2;3;3;2;2;2;2;2;2;2;2;2;2;3;2
23;Diger;4;Erkek;3.21;1;4;1;1;1;4;4;1;1;1;1;1;1;1;1;2;1;1;1;1
24;Diger;4;Kadýn;3.64;2;4;3;2;3;2;3;2;3;1;2;2;2;1;3;2;3;2;2;2
25;Diger;4;Kadýn;3.48;1;2;1;2;1;4;3;4;4;1;1;3;2;2;4;4;5;5;5;4
26;Diger;4;Kadýn;3.29;2;5;2;3;2;1;2;5;4;1;3;4;5;3;3;1;2;2;3;4
27;Diger;4;Kadýn;3.41;1;2;2;2;2;3;2;2;2;3;1;2;2;4;3;3;2;3;4;3
28;Diger;4;Kadýn;3.60;1;1;2;4;3;1;2;2;4;1;1;5;4;1;2;4;4;5;3;2
29;Diger;4;Kadýn;3.26;1;1;1;2;2;1;1;1;1;1;1;1;1;1;5;1;5;5;3;3
30;Diger;5;Kadýn;2.80;2;2;2;2;2;3;2;3;2;3;1;2;1;3;2;2;3;4;4;3
31;Diger;4;Kadýn;3.42;1;2;2;2;2;2;2;2;2;2;2;2;1;1;1;1;2;1;1;1
32;Diger;4;Kadýn;3.75;1;3;3;3;1;4;3;3;NA;1;2;2;1;1;2;2;1;3;4;1
33;Diger;4;Erkek;3.50;4;2;4;4;4;5;5;4;4;4;5;5;3;3;4;2;3;4;3;4
34;Diger;4;Kadýn;2.54;4;5;4;5;4;4;2;1;1;4;1;5;3;4;5;4;2;1;3;3
35;Diger;4;Kadýn;3.44;3;4;2;1;4;2;1;3;2;4;1;1;1;1;3;1;1;2;5;2
36;Diger;5;Kadýn;3.82;2;1;2;2;2;2;2;2;2;2;2;2;1;1;1;4;2;1;1;1
37;Diger;4;Kadýn;3.33;3;1;3;1;2;5;5;2;5;4;1;5;1;4;3;4;3;3;3;2
38;Diger;4;Erkek;3.00;3;3;4;3;4;4;4;4;3;4;4;2;3;3;3;3;3;4;3;4
39;Diger;4;Kadýn;2.70;2;3;2;3;2;3;3;3;3;3;3;3;4;3;3;2;3;3;3;3
40;Diger;4;Kadýn;3.30;4;1;4;4;2;2;3;4;1;1;4;3;4;3;4;2;5;4;4;2
41;Diger;4;Erkek;2.91;5;2;5;5;5;5;3;5;4;4;2;4;5;5;5;4;5;1;3;5
42;Diger;4;Kadýn;3.60;1;1;1;2;2;2;3;1;2;2;2;1;1;1;1;1;2;2;3;1
43;Diger;4;Kadýn;3.47;3;4;3;2;3;3;2;3;4;4;2;3;2;3;5;3;2;4;4;4
44;Diger;4;Kadýn;3.36;4;1;2;5;3;4;1;3;3;2;1;3;3;5;5;3;3;4;5;5
45;Diger;5;Kadýn;3.79;2;1;1;1;1;5;5;1;5;5;3;3;1;2;2;2;1;1;1;3
46;Diger;4;Erkek;3.15;3;2;3;2;2;2;2;4;2;2;3;3;2;2;3;2;2;4;3;4
47;Diger;4;Erkek;3.12;3;2;4;2;3;5;2;2;2;1;2;2;2;2;3;3;3;4;2;3
48;Diger;4;Kadýn;3.20;1;1;1;1;1;2;1;2;1;2;1;1;2;1;1;1;1;2;2;1
49;Diger;4;Erkek;2.85;2;1;1;2;1;2;2;2;2;2;2;2;2;1;4;2;2;2;1;2
50;Diger;5;Erkek;3.18;2;2;2;2;2;5;2;2;2;5;3;2;2;3;4;3;4;3;4;2
51;Diger;4;Kadýn;3.26;2;2;2;2;2;2;2;2;2;4;4;2;1;1;1;1;1;1;3;1
52;Diger;4;Erkek;2.21;3;4;3;4;5;5;2;4;3;4;5;4;3;2;4;3;3;3;3;3
53;Diger;4;Kadýn;2.75;4;4;5;4;4;4;4;4;4;4;5;4;3;4;5;3;4;4;2;5
54;Diger;4;Erkek;3.50;5;5;4;4;5;4;4;4;5;5;4;5;4;4;4;5;5;5;5;4
55;Diger;4;Erkek;3.15;3;4;3;3;2;4;3;3;3;3;4;3;2;2;3;2;2;2;2;2
56;Diger;4;Kadýn;2.57;2;1;2;3;4;4;2;3;3;2;1;3;1;2;4;1;1;2;1;4
57;Diger;4;Kadýn;2.80;3;5;4;3;1;5;3;2;4;1;NA;3;1;2;1;3;3;3;2;2
58;Diger;4;Erkek;3.50;1;1;4;2;2;3;2;2;2;2;2;1;2;1;1;2;1;3;2;4
59;Diger;4;Erkek;3.25;3;1;2;3;1;5;1;5;1;3;3;1;3;4;5;5;3;5;5;5
60;Diger;4;Kadýn;2.52;3;3;2;3;1;2;3;3;3;3;3;4;4;2;2;3;1;3;3;2
61;Diger;4;Kadýn;2.43;4;1;3;4;3;4;4;3;3;4;4;3;5;5;5;3;5;5;5;3
62;Diger;4;Erkek;3.48;1;3;3;1;3;3;3;4;3;3;3;3;2;3;3;2;2;3;2;5
63;Diger;4;Erkek;3.49;3;1;2;2;2;2;2;3;2;1;1;3;1;1;1;1;1;1;2;2
64;Diger;4;Kadýn;3.00;2;3;4;4;4;5;4;4;4;4;3;4;3;1;4;3;3;4;5;3
65;Diger;4;Kadýn;3.48;2;2;3;2;3;4;4;2;1;2;3;1;1;1;1;1;1;1;1;1
66;Diger;5;Kadýn;3.17;2;4;3;1;1;4;4;2;4;4;1;1;4;1;4;3;2;5;4;4
67;Diger;4;Kadýn;2.81;4;4;5;3;5;5;5;5;5;5;3;4;2;1;4;1;1;4;2;4
68;Diger;4;Kadýn;2.77;4;5;3;1;5;4;2;3;4;5;4;4;2;2;3;4;3;3;2;2
69;Diger;4;Erkek;2.78;4;4;5;4;4;5;5;5;5;4;5;4;2;2;5;3;2;4;5;2
70;Diger;4;Kadýn;3.19;2;2;2;4;4;3;2;4;3;3;2;3;3;2;3;4;2;3;3;3
71;Diger;4;Kadýn;2.90;3;5;5;4;5;4;5;4;4;5;5;5;4;4;4;4;3;3;2;5
72;Diger;5;Erkek;3.29;4;4;4;4;3;3;2;4;4;3;4;4;2;2;3;3;3;3;2;3
73;Diger;4;Kadýn;3.60;3;2;1;3;3;4;4;2;2;3;2;3;1;2;3;2;2;2;2;4
74;Diger;4;Kadýn;2.73;5;4;5;5;3;4;4;4;5;4;3;4;5;4;5;3;3;4;3;3
75;Diger;4;Kadýn;3.15;2;1;1;1;1;2;3;3;1;2;2;2;1;1;1;2;1;1;3;1
76;Diger;4;Kadýn;3.04;1;2;4;3;2;3;2;2;3;3;3;2;1;4;4;2;4;3;4;2
77;Diger;4;Kadýn;3.55;1;1;1;4;4;3;4;5;4;2;4;4;1;3;5;4;2;4;2;3
78;Diger;5;Erkek;3.48;5;5;4;5;4;4;4;4;4;4;4;3;4;3;5;3;4;4;5;5
79;Diger;4;Erkek;2.90;4;3;4;3;5;5;5;4;4;5;5;4;4;4;5;4;4;5;4;5
80;Diger;4;Kadýn;2.31;3;1;5;4;3;4;4;2;1;3;4;3;1;4;3;3;2;5;3;3
81;Diger;4;Erkek;3.33;1;3;2;3;4;4;1;3;2;3;4;3;3;1;3;4;3;3;3;3
82;Diger;4;Kadýn;3.07;2;4;3;3;3;5;3;5;5;3;5;3;4;3;5;3;3;5;3;5
83;Diger;4;Kadýn;2.41;1;1;1;1;1;1;3;1;1;5;2;1;3;2;5;3;2;3;1;2
84;Diger;5;Kadýn;2.82;1;2;2;2;3;2;3;2;1;3;1;1;1;1;1;3;1;1;1;1
85;Diger;5;Kadýn;3.01;1;1;4;2;1;3;1;1;2;1;2;1;1;3;3;1;1;2;3;2
86;Diger;4;Kadýn;3.30;2;3;3;2;2;3;2;1;4;2;2;1;4;3;2;5;2;3;3;3
87;Diger;4;Erkek;3.02;2;5;2;1;5;3;3;3;3;2;3;1;2;2;3;5;1;1;2;1
88;Diger;4;Kadýn;3.09;2;1;1;2;1;4;1;5;1;5;1;5;1;1;1;3;1;4;5;2
89;Diger;4;Kadýn;2.54;2;2;3;1;NA;2;2;1;2;2;2;4;2;1;2;1;1;2;2;1
90;Diger;4;Kadýn;3.00;3;3;5;4;4;3;5;4;2;3;2;3;1;2;5;2;3;3;3;3
91;Diger;4;Kadýn;3.15;2;2;2;2;2;2;2;2;2;2;2;1;2;1;3;1;2;2;3;5
92;Diger;4;Kadýn;2.58;2;1;2;2;1;2;3;4;1;3;1;2;3;4;4;3;4;3;3;4
93;Diger;4;Kadýn;2.92;3;3;NA;2;NA;5;2;2;5;3;4;2;4;3;2;3;1;4;3;3
94;Diger;4;Kadýn;2.71;2;1;1;1;1;3;1;1;3;1;1;1;1;1;1;1;1;1;1;1
95;Diger;4;Kadýn;2.31;2;2;2;2;3;3;2;2;2;2;3;2;3;3;3;2;3;3;3;2
96;Diger;4;Kadýn;3.02;4;3;3;4;3;4;4;4;3;2;4;4;3;2;3;2;2;2;3;3
97;Diger;4;Kadýn;3.14;2;3;4;2;3;3;3;4;3;2;3;3;3;2;3;1;2;5;3;4
98;Diger;4;Kadýn;2.62;2;4;4;3;4;4;4;4;3;2;4;3;1;3;2;2;1;1;2;2
99;Diger;4;Kadýn;3.57;4;1;4;4;1;5;5;5;2;5;2;1;4;3;5;4;4;3;3;5
100;Diger;5;Kadýn;2.89;4;1;4;3;4;3;4;5;1;1;3;1;3;3;5;1;1;5;3;3
101;Diger;5;Kadýn;2.71;4;3;5;4;5;5;5;5;1;1;4;4;4;5;5;3;3;2;1;5
102;Diger;5;Kadýn;2.75;4;2;4;4;4;2;2;4;4;3;4;4;4;4;4;4;4;5;4;4
103;Diger;4;Kadýn;3.20;2;1;4;1;3;2;1;1;4;4;2;4;1;1;2;NA;2;5;5;4
104;Diger;4;Kadýn;2.78;4;2;4;3;3;4;4;4;3;3;3;4;3;3;5;3;5;5;3;5
105;Diger;4;Kadýn;2.98;1;1;1;2;1;1;1;2;1;1;2;1;3;3;3;2;2;3;4;3
106;Diger;4;Kadýn;2.71;4;1;1;3;1;2;1;3;1;1;1;1;1;1;1;1;2;3;3;2
107;Diger;4;Kadýn;2.80;2;2;2;2;2;2;1;1;2;2;1;1;1;1;2;1;2;1;1;2
108;Diger;5;Erkek;2.00;1;3;3;3;4;2;3;1;3;3;4;3;2;1;1;2;3;3;2;2
109;Diger;4;Kadýn;2.56;5;5;4;5;5;1;5;5;5;5;3;1;1;3;5;3;1;5;5;5
110;Diger;4;Erkek;2.75;4;2;5;4;5;4;4;5;5;3;5;4;2;3;3;2;2;3;4;3
111;Diger;5;Kadýn;4.00;4;4;5;4;5;4;5;5;5;5;5;5;4;3;4;5;5;1;5;4
112;Diger;4;Kadýn;2.63;2;2;2;2;2;2;2;1;2;2;2;2;2;2;3;2;2;2;2;2
113;Diger;4;Erkek;3.25;2;1;1;1;1;2;2;1;3;NA;2;2;2;2;2;2;4;3;3;3
114;Diger;4;Kadýn;3.59;1;2;2;3;2;3;1;1;2;3;1;1;1;4;3;5;3;3;3;3
115;Diger;5;Kadýn;2.69;4;2;5;3;1;4;5;5;5;5;5;4;1;2;4;5;2;2;3;5
116;Diger;4;Kadýn;2.43;1;1;1;3;1;1;1;1;1;1;1;1;1;1;2;2;1;3;2;1
117;Diger;5;Kadýn;2.97;3;4;2;2;4;4;3;3;3;2;3;4;2;2;3;2;2;2;2;4
118;Diger;5;Kadýn;2.83;3;3;4;3;4;4;4;3;3;2;4;3;1;2;3;2;3;2;3;2
119;Diger;4;Kadýn;3.13;2;2;4;4;2;3;3;3;4;1;2;3;1;1;2;1;2;1;1;3
120;Diger;5;Kadýn;2.92;1;1;1;1;1;3;1;1;1;2;1;1;1;1;1;1;1;5;1;1
121;Diger;4;Kadýn;2.70;2;2;2;2;2;3;2;2;2;2;2;2;2;2;2;1;2;2;1;1
122;Diger;4;Kadýn;3.39;1;2;1;1;1;1;1;1;1;1;1;1;1;1;1;2;1;2;3;1
123;Diger;4;Kadýn;3.40;4;2;5;4;5;5;5;5;5;2;5;5;2;3;3;1;1;3;3;2
124;Diger;4;Kadýn;2.50;4;1;3;3;3;3;2;1;3;4;2;3;1;1;3;1;2;4;2;1
125;Diger;4;Kadýn;3.60;1;1;1;1;1;1;5;1;5;5;5;1;5;1;5;1;5;1;5;1
126;Diger;4;Kadýn;2.70;1;1;1;1;1;2;1;1;1;1;1;1;2;4;3;4;2;5;4;5
127;Diger;5;Kadýn;3.10;4;1;3;3;3;3;3;2;1;1;1;3;1;1;3;2;1;5;2;3
128;Diger;4;Kadýn;2.80;5;2;5;5;5;5;5;5;5;5;5;4;1;2;3;2;NA;4;3;2
129;Egitim;4;Erkek;2.48;3;4;4;4;4;4;4;4;4;4;4;4;3;3;4;3;3;4;2;4
130;Egitim;3;Erkek;2.94;4;2;3;2;2;4;3;3;4;3;3;3;1;2;3;2;2;3;3;1
131;Egitim;3;Erkek;3.01;2;2;3;3;2;3;2;3;3;2;3;3;1;2;3;2;2;3;3;3
132;Egitim;3;Kadýn;2.75;5;5;3;5;5;5;1;5;5;1;5;1;5;5;5;3;5;1;1;5
133;Egitim;3;Kadýn;2.94;3;2;4;3;2;3;3;3;2;4;2;2;2;2;2;2;2;4;2;2
134;Egitim;3;Kadýn;2.81;5;3;4;1;5;4;4;3;2;3;5;4;1;3;3;1;2;2;2;3
135;Egitim;3;Kadýn;2.70;4;4;4;4;4;4;4;4;4;4;4;1;4;4;5;4;4;5;4;5
136;Egitim;3;Kadýn;3.20;3;1;1;1;2;3;3;2;4;1;4;4;4;3;4;3;2;1;4;3
137;Egitim;3;Kadýn;3.00;3;1;4;4;4;5;4;4;4;4;4;3;3;3;3;4;3;4;4;4
138;Egitim;3;Kadýn;3.09;2;2;2;2;2;2;2;2;2;1;1;2;2;2;3;2;4;4;4;4
139;Egitim;3;Kadýn;2.75;3;4;4;4;4;3;5;3;3;3;4;3;3;3;4;2;4;3;3;3
140;Egitim;3;Erkek;2.98;3;3;2;4;3;3;2;2;3;1;3;4;1;5;2;1;1;2;1;3
141;Egitim;3;Erkek;2.77;2;5;5;5;5;5;5;3;2;5;3;1;3;1;3;1;1;3;3;4
142;Egitim;3;Kadýn;3.06;4;4;3;3;4;4;5;4;4;4;4;4;2;2;5;1;2;1;2;4
143;Egitim;3;Erkek;2.65;4;3;4;4;4;3;4;4;4;4;4;4;2;3;5;3;2;3;4;3
144;Egitim;3;Kadýn;2.75;2;2;3;2;3;2;1;1;4;2;2;3;1;1;1;2;1;3;1;1
145;Egitim;3;Kadýn;2.90;4;2;5;4;5;5;5;5;5;5;5;5;3;4;4;4;4;4;4;5
146;Egitim;3;Erkek;3.23;3;2;2;4;2;3;2;4;3;3;4;3;2;2;3;2;3;4;4;3
147;Egitim;3;Kadýn;2.60;5;1;1;1;4;4;5;4;4;2;5;5;1;5;5;4;3;3;4;1
148;Egitim;3;Kadýn;2.86;2;2;2;2;3;3;3;2;2;3;3;2;2;3;3;2;3;4;3;4
149;Egitim;3;Kadýn;3.10;4;2;4;4;2;4;3;4;2;4;4;4;3;3;3;2;3;4;3;3
150;Egitim;3;Kadýn;2.70;1;1;1;1;2;2;1;2;1;2;3;1;1;2;3;2;2;2;3;2
151;Egitim;3;Kadýn;3.60;1;3;1;1;1;1;1;1;1;3;1;1;1;1;1;2;1;1;1;1
152;Egitim;3;Kadýn;3.55;1;2;3;1;1;2;1;3;3;1;3;3;3;1;4;1;2;3;3;2
153;Egitim;3;Kadýn;2.89;2;4;4;1;4;2;2;4;2;3;4;2;3;2;3;2;2;3;3;3
154;Egitim;4;Erkek;2.45;1;4;1;1;1;1;1;1;1;4;1;1;1;2;1;1;1;1;5;1
155;Egitim;3;Erkek;2.90;2;2;2;2;1;3;3;1;1;2;2;1;4;2;4;3;2;3;3;3
156;Egitim;3;Kadýn;2.84;3;1;2;2;4;1;1;3;3;4;1;2;3;4;NA;3;3;2;5;3
157;Egitim;3;Kadýn;2.92;2;1;3;2;3;1;1;4;2;2;2;2;1;1;2;2;1;5;2;2
158;Egitim;3;Kadýn;2.75;4;5;1;1;1;1;4;4;4;1;4;4;1;1;1;1;1;NA;1;2
159;Egitim;3;Erkek;2.97;1;1;1;2;1;1;1;2;1;1;1;1;2;1;1;3;2;1;2;2
160;Egitim;3;Kadýn;3.05;3;2;2;4;5;3;2;4;5;2;4;4;3;4;5;2;4;4;5;4
161;Egitim;3;Kadýn;2.96;4;4;4;4;4;4;4;4;4;4;4;3;2;2;4;3;2;4;4;4
162;Egitim;3;Kadýn;2.79;5;3;NA;3;4;5;5;2;4;4;5;4;5;4;2;4;3;2;3;1
163;Egitim;3;Erkek;2.89;3;2;5;5;3;3;3;4;2;3;3;4;3;4;3;3;2;3;2;4
164;Egitim;3;Kadýn;2.60;5;3;3;3;4;3;3;1;3;1;2;1;1;NA;4;1;3;4;3;2
165;Egitim;3;Erkek;2.67;4;4;4;4;4;4;4;4;4;5;4;4;1;3;3;2;2;2;1;3
166;Diger;4;Kadýn;3.38;2;2;4;3;3;3;3;3;2;3;3;3;2;2;3;2;2;3;3;2
167;Diger;4;Kadýn;3.12;3;4;2;4;4;5;4;4;5;4;5;3;4;4;5;3;4;4;4;3
168;Diger;5;Kadýn;2.95;4;2;3;4;3;5;4;4;4;4;4;1;2;2;3;3;2;3;3;1
169;Egitim;2;Kadýn;3.20;3;1;3;3;2;3;3;3;3;3;3;3;2;3;4;3;3;3;3;4
170;Egitim;2;Kadýn;2.97;2;2;4;4;4;2;2;2;2;1;4;2;2;1;3;2;2;3;4;2
171;Egitim;2;Kadýn;3.20;2;1;1;2;1;1;3;1;1;1;1;3;1;1;2;2;1;1;1;1
172;Egitim;2;Kadýn;3.22;2;2;3;3;3;3;3;2;2;3;2;1;4;3;5;3;4;4;3;4
173;Egitim;2;Kadýn;3.35;2;1;2;2;2;2;2;2;2;2;2;2;2;2;4;3;2;4;3;2
174;Egitim;2;Kadýn;3.00;1;2;3;4;2;2;2;2;2;2;2;2;1;1;1;2;1;1;1;2
175;Egitim;2;Kadýn;3.51;1;1;1;1;1;1;1;1;1;1;1;1;1;2;1;1;2;5;2;1
176;Egitim;2;Kadýn;3.10;3;2;2;3;2;3;3;3;2;2;2;3;2;2;3;2;3;3;4;3
177;Egitim;2;Kadýn;3.21;3;2;4;4;2;4;5;4;4;4;2;3;1;4;3;2;5;2;3;5
178;Egitim;2;Kadýn;3.42;1;1;1;1;2;1;1;1;1;3;1;1;1;1;1;1;1;3;1;1
179;Egitim;2;Kadýn;3.03;4;3;4;3;3;4;4;4;1;4;4;1;4;3;4;3;4;2;3;4
180;Egitim;2;Kadýn;3.09;4;1;5;3;4;2;1;4;1;3;4;2;1;4;5;3;3;2;3;3
181;Egitim;2;Kadýn;3.00;1;1;1;2;1;1;1;2;1;1;1;1;1;2;1;4;1;1;1;1
182;Egitim;2;Kadýn;3.60;3;5;5;5;5;5;4;5;1;4;5;1;5;5;5;5;5;5;5;5
183;Egitim;2;Kadýn;3.10;3;1;3;2;3;3;4;5;1;1;3;1;4;4;5;1;3;5;5;3
184;Egitim;2;Kadýn;2.92;3;3;4;5;5;2;3;5;5;2;3;2;2;2;2;2;2;2;2;4
185;Egitim;2;Kadýn;3.22;4;3;4;4;4;2;2;4;2;4;3;3;3;3;4;2;3;2;3;2
186;Egitim;2;Kadýn;3.30;4;4;4;3;5;4;3;3;3;4;3;3;3;2;3;3;2;3;3;3
187;Egitim;2;Kadýn;3.17;5;3;4;3;5;5;5;5;5;5;1;1;5;5;5;5;5;5;5;5
188;Egitim;2;Kadýn;3.56;4;4;4;4;3;4;4;4;4;4;4;4;2;2;4;4;4;3;4;4
189;Egitim;2;Kadýn;3.50;4;4;3;3;4;3;3;4;4;3;4;4;3;3;5;3;4;3;3;4
190;Egitim;2;Kadýn;3.20;2;3;3;3;1;3;4;4;2;3;3;1;1;1;2;1;1;3;2;1
191;Egitim;2;Kadýn;3.02;4;4;4;4;4;4;4;4;5;5;3;4;4;3;5;3;2;3;5;5
192;Egitim;2;Erkek;3.40;4;4;4;4;4;4;4;4;5;4;4;4;4;2;4;3;5;3;4;4
193;Egitim;2;Kadýn;3.21;4;2;4;3;1;4;4;4;4;4;3;4;3;4;4;3;2;3;5;4
194;Egitim;2;Kadýn;2.84;4;3;4;4;5;5;4;4;4;5;4;4;4;3;5;3;3;2;4;4
195;Egitim;2;Kadýn;2.81;4;3;2;4;5;5;4;4;5;5;5;3;2;2;NA;3;3;1;3;3
196;Egitim;2;Kadýn;3.01;5;3;5;3;5;5;5;5;5;5;5;1;5;5;5;5;5;5;5;5
197;Egitim;2;Kadýn;3.10;3;4;4;5;3;3;4;4;3;4;4;3;3;3;4;5;3;3;5;4
198;Egitim;2;Erkek;3.20;2;3;3;3;2;3;4;3;4;3;3;3;1;1;2;2;1;3;3;3
199;Egitim;2;Erkek;3.13;4;4;4;3;5;5;5;5;5;5;3;4;5;4;5;3;3;5;5;5
200;Egitim;3;Erkek;1.80;3;3;2;3;3;3;2;3;2;3;2;2;2;2;2;3;1;1;2;1
201;Egitim;2;Erkek;3.30;3;5;4;3;5;1;1;5;4;3;5;3;4;2;4;4;2;4;5;4
202;Egitim;2;Erkek;2.80;4;2;3;2;2;2;3;3;2;3;4;2;1;3;4;2;3;3;3;3
203;Egitim;2;Kadýn;3.70;NA;3;4;4;5;3;4;5;3;3;3;3;3;NA;2;2;2;2;2;1
204;Egitim;2;Kadýn;2.96;NA;3;4;5;3;3;5;3;3;4;3;4;3;4;3;1;3;2;2;3
205;Egitim;2;Erkek;3.10;3;3;2;3;2;2;1;3;3;2;2;3;3;2;3;4;2;4;3;3
206;Egitim;2;Kadýn;3.00;2;4;2;2;3;2;2;2;2;2;2;2;2;1;2;1;2;2;2;2
207;Egitim;2;Erkek;3.30;1;2;1;2;1;2;3;2;2;4;1;2;2;1;1;1;1;1;4;2
208;Egitim;1;Kadýn;3.56;2;1;1;2;1;3;1;3;4;2;2;5;2;4;3;2;2;1;2;2
209;Egitim;1;Kadýn;2.39;5;4;4;3;4;4;1;2;2;4;4;2;2;2;5;3;3;2;3;4
210;Egitim;1;Erkek;2.80;2;1;2;1;1;1;1;2;1;1;1;1;5;1;1;3;1;1;1;1
211;Egitim;1;Kadýn;3.13;3;1;1;1;1;1;3;3;3;3;1;3;3;3;3;3;5;3;3;5
212;Egitim;1;Erkek;2.44;2;1;1;2;4;2;5;3;1;2;3;1;3;2;3;3;3;3;3;3
213;Egitim;1;Erkek;3.20;4;4;4;4;4;3;3;4;4;4;4;3;3;4;4;4;4;3;3;4
214;Egitim;1;Kadýn;3.20;2;5;3;3;2;3;4;3;3;4;4;4;2;2;3;3;2;4;3;3
215;Egitim;1;Kadýn;3.51;4;3;4;3;4;3;2;4;5;2;3;4;2;3;5;3;1;3;4;3
216;Egitim;1;Erkek;3.08;3;2;2;3;3;3;3;4;3;3;3;3;2;3;3;3;3;3;3;3
217;Egitim;1;Erkek;3.02;4;4;5;5;5;3;5;5;5;5;5;4;4;5;5;3;4;5;5;5
218;Egitim;1;Erkek;3.27;3;2;4;4;3;4;3;4;3;2;4;3;3;3;4;3;3;2;3;3
219;Egitim;1;Kadýn;3.11;3;1;3;3;4;3;2;4;1;1;4;2;2;3;2;5;2;3;4;4
220;Egitim;1;Kadýn;2.95;4;3;4;4;4;4;3;3;4;3;4;3;3;3;4;3;3;4;3;3
221;Egitim;1;Kadýn;2.98;4;4;4;4;5;4;4;4;5;3;4;4;3;3;5;3;3;3;3;4
222;Egitim;1;Erkek;3.04;3;3;3;2;3;4;3;4;4;3;3;2;3;4;3;2;3;3;2;3
223;Egitim;1;Kadýn;3.28;4;4;4;3;4;4;4;4;4;4;4;3;2;2;4;2;2;3;4;3
224;Egitim;1;Kadýn;3.28;4;5;2;4;4;4;5;5;5;5;4;4;3;2;4;2;2;1;3;4
225;Egitim;1;Kadýn;3.60;3;4;2;1;3;1;3;3;1;1;5;1;1;1;1;1;1;1;1;1
226;Egitim;1;Kadýn;3.33;3;4;4;4;5;4;5;4;3;4;4;4;1;NA;2;1;4;2;2;5
227;Egitim;1;Erkek;3.64;2;1;3;3;3;1;1;3;3;1;3;3;1;1;3;1;1;3;3;1
228;Egitim;1;Erkek;3.07;3;3;3;3;2;4;2;3;3;3;4;3;4;4;3;4;4;4;3;4
229;Egitim;1;Kadýn;3.24;4;3;4;4;4;3;3;4;4;5;4;2;4;3;5;3;2;2;2;2
230;Egitim;1;Kadýn;3.01;4;4;4;4;4;3;4;4;4;4;2;2;5;4;4;4;3;5;4;4
231;Egitim;1;Kadýn;3.44;5;3;1;1;1;3;2;1;1;1;4;1;2;2;5;2;5;2;2;4
232;Egitim;1;Kadýn;3.28;1;3;2;1;3;1;1;2;1;1;4;1;1;1;2;1;1;1;4;1
233;Egitim;1;Kadýn;3.68;2;2;2;3;3;3;2;2;3;4;4;4;3;3;4;4;3;3;3;3
234;Egitim;1;Kadýn;3.51;3;5;3;3;2;3;3;1;4;3;3;3;3;2;3;3;3;3;3;3
235;Egitim;1;Kadýn;3.88;2;4;4;4;4;3;3;4;3;3;4;3;2;3;4;3;3;3;2;3
236;Egitim;1;Kadýn;3.52;5;5;5;4;5;5;5;5;5;5;5;5;1;2;5;5;1;4;5;3
237;Egitim;1;Kadýn;3.06;4;3;3;2;3;1;1;3;1;1;4;3;1;2;1;2;1;1;1;1
238;Egitim;2;Kadýn;2.60;4;4;5;4;4;4;4;4;4;4;4;2;5;2;4;4;4;4;4;4
239;Egitim;2;Kadýn;3.01;2;5;2;2;3;1;4;1;2;2;2;3;4;3;4;3;1;1;1;2
240;Egitim;2;Kadýn;2.76;2;3;3;2;3;3;2;3;2;2;3;2;2;4;3;2;3;4;4;3
241;Egitim;2;Kadýn;3.26;2;4;4;3;4;4;4;4;3;4;4;3;2;2;4;2;3;3;2;3
242;Egitim;2;Kadýn;3.29;4;1;3;5;5;2;1;2;5;3;4;4;2;4;5;2;2;3;4;2
243;Egitim;2;Kadýn;2.81;4;2;3;2;3;4;2;3;4;2;2;3;3;2;3;2;2;2;2;3
244;Egitim;2;Kadýn;3.37;2;1;4;2;3;3;4;2;3;2;3;3;2;2;3;4;3;3;2;3
245;Egitim;2;Kadýn;2.71;2;3;3;2;3;2;2;2;2;4;2;2;2;2;2;2;2;3;3;2
246;Egitim;2;Kadýn;3.44;5;2;5;5;5;5;3;5;4;4;2;4;5;5;5;4;5;1;3;5
247;Egitim;2;Kadýn;3.41;1;1;3;1;1;1;1;2;3;1;1;2;1;1;1;1;1;1;2;3
248;Egitim;2;Kadýn;3.22;1;3;1;1;1;2;1;1;1;2;5;1;1;1;2;1;1;5;1;1
249;Egitim;2;Kadýn;3.14;4;2;2;3;3;3;4;3;3;3;3;3;3;3;3;5;2;3;2;2
250;Egitim;2;Kadýn;3.24;2;3;2;4;3;3;3;2;4;2;4;4;2;2;2;4;3;3;2;2
251;Egitim;2;Kadýn;2.76;2;3;3;3;2;3;3;2;3;4;4;3;4;3;4;3;3;3;3;3
252;Egitim;2;Kadýn;3.13;3;3;2;4;4;3;3;3;3;2;3;3;3;2;3;3;2;4;2;2
253;Egitim;2;Kadýn;3.23;2;2;2;3;2;3;2;2;3;2;2;2;2;1;3;2;2;3;4;2
254;Egitim;2;Kadýn;3.08;4;2;5;4;4;4;5;4;4;4;4;2;3;3;2;3;2;3;3;2
255;Egitim;2;Kadýn;2.80;2;3;2;3;3;4;4;3;3;3;3;3;2;3;3;3;1;3;4;3
256;Egitim;2;Kadýn;3.58;1;1;1;1;1;2;3;1;3;2;4;3;1;1;1;4;2;1;1;2
257;Egitim;2;Kadýn;3.10;4;4;4;4;5;5;4;5;4;4;4;4;3;3;4;3;3;4;3;3
258;Egitim;2;Kadýn;3.18;1;2;2;2;1;1;1;1;1;1;1;1;1;1;1;2;1;1;1;1
259;Egitim;2;Erkek;2.51;2;1;4;3;3;3;3;2;3;1;3;2;4;2;3;3;3;2;2;1
260;Egitim;2;Erkek;2.32;2;2;4;4;3;3;4;4;2;3;4;3;2;3;4;2;2;4;3;3
261;Egitim;2;Kadýn;3.21;3;2;4;5;5;5;5;4;5;5;5;5;4;4;5;4;5;5;5;5
262;Egitim;2;Kadýn;2.80;3;3;3;3;2;3;3;2;1;3;2;4;3;3;4;3;5;3;1;3
263;Egitim;2;Kadýn;2.90;2;2;3;2;1;2;2;2;3;3;2;4;1;1;2;3;1;3;2;2
264;Diger;2;Erkek;2.50;2;2;2;2;2;4;4;3;3;4;2;3;2;2;3;3;2;3;2;3
265;Egitim;2;Kadýn;3.25;3;NA;4;2;3;2;2;3;2;2;3;2;2;2;3;2;3;2;4;2
266;Egitim;2;Kadýn;3.17;1;1;1;2;1;3;4;1;2;2;2;1;1;1;4;2;1;1;2;1
267;Egitim;4;Kadýn;3.10;2;2;3;2;1;1;1;2;2;1;4;1;2;2;3;2;2;4;5;2
268;Egitim;3;Erkek;3.30;5;5;NA;5;5;3;5;3;5;3;5;5;3;2;3;3;2;3;3;3
269;Egitim;3;Kadýn;3.00;2;4;5;1;5;4;2;5;2;1;3;1;1;1;3;1;2;3;5;4
270;Egitim;3;Kadýn;3.30;1;2;2;2;1;2;1;1;1;1;2;2;1;1;2;1;2;5;4;2
271;Egitim;3;Kadýn;3.52;2;1;2;2;2;2;2;2;2;2;2;2;1;1;2;1;2;2;2;2
272;Egitim;3;Kadýn;3.15;5;2;5;4;1;3;4;5;5;4;5;5;1;1;4;5;2;5;3;2
273;Egitim;3;Kadýn;3.40;2;4;3;3;4;4;3;4;4;4;4;4;3;2;4;2;3;3;2;4
274;Egitim;3;Kadýn;2.64;3;1;3;1;1;1;4;2;4;1;1;3;2;2;2;1;1;3;2;1
275;Egitim;3;Kadýn;3.47;3;1;4;1;2;4;4;1;3;3;4;2;2;2;3;2;1;1;2;1
276;Egitim;3;Kadýn;3.80;3;2;3;3;3;4;3;4;2;4;4;2;3;2;5;3;3;4;4;5
277;Egitim;5;Erkek;3.23;5;5;5;2;1;2;3;2;2;1;1;3;4;3;3;3;1;5;3;2
278;Egitim;3;Erkek;3.40;3;4;4;3;4;5;3;3;4;4;4;3;4;3;4;3;3;4;3;3
279;Egitim;3;Erkek;3.48;5;5;3;4;4;5;5;5;5;5;5;5;3;4;5;2;5;2;4;4
280;Egitim;3;Erkek;3.14;2;3;2;3;2;2;1;3;3;3;2;2;2;2;2;2;2;2;4;2
281;Egitim;3;Kadýn;3.30;2;3;2;1;1;1;3;1;2;3;2;1;1;1;2;1;2;2;2;2
282;Egitim;3;Kadýn;2.68;2;2;2;2;2;4;2;2;2;4;3;2;3;2;2;2;2;4;2;1
283;Egitim;3;Kadýn;3.40;2;2;2;2;2;3;3;2;2;2;2;2;1;1;1;2;2;2;1;3
284;Egitim;3;Erkek;2.70;5;4;5;5;5;5;5;5;5;5;5;1;4;5;5;5;3;5;5;5
285;Egitim;3;Erkek;2.80;3;3;4;2;3;2;3;3;3;1;3;2;1;1;2;1;1;2;1;1
286;Egitim;3;Kadýn;3.66;1;2;2;2;2;3;3;1;2;2;2;2;2;2;3;2;2;4;4;3
287;Egitim;3;Kadýn;3.42;1;1;3;1;1;1;1;1;1;1;1;1;1;1;3;1;1;2;3;4
288;Egitim;3;Kadýn;3.75;2;3;5;1;4;5;4;2;5;5;3;3;3;5;3;4;2;4;4;2
289;Egitim;3;Erkek;3.00;2;2;2;2;2;2;2;2;2;2;2;2;1;1;2;2;2;2;2;3
290;Egitim;3;Kadýn;2.81;5;1;3;5;5;4;5;5;2;2;3;4;2;3;1;5;4;2;4;2
291;Egitim;4;Kadýn;1.80;4;2;4;4;4;5;3;4;5;5;4;4;4;4;4;3;3;5;3;3
292;Egitim;3;Kadýn;3.34;3;2;5;3;2;3;3;3;3;3;4;2;1;3;4;2;1;3;3;1
293;Egitim;3;Kadýn;3.25;3;2;2;4;3;4;2;4;4;2;4;2;3;3;4;3;3;3;3;3
294;Egitim;3;Kadýn;3.68;2;4;4;4;2;4;4;4;4;4;2;4;1;2;3;2;1;4;2;2
295;Egitim;3;Kadýn;3.34;4;1;1;1;1;1;1;1;3;4;4;2;1;1;1;2;2;1;1;3
296;Egitim;3;Kadýn;3.78;5;5;5;5;1;5;5;5;5;5;5;5;1;1;3;5;1;3;3;1
297;Egitim;3;Kadýn;3.17;3;2;4;4;4;4;4;5;5;5;5;4;5;5;4;3;5;4;3;2
298;Egitim;3;Kadýn;3.01;4;3;4;3;3;2;2;4;3;3;3;3;4;3;4;3;3;3;3;3
299;Egitim;3;Erkek;2.60;2;1;4;2;4;4;4;2;3;1;2;3;3;3;4;2;3;1;4;3
300;Egitim;3;Erkek;2.70;3;3;2;1;1;2;2;3;2;2;3;3;1;1;1;1;1;1;1;2
301;Egitim;3;Kadýn;3.00;5;5;5;5;1;5;5;5;5;5;5;5;5;5;5;5;5;5;5;5
302;Egitim;3;Kadýn;3.25;2;5;3;3;4;5;4;4;4;3;1;4;4;3;5;4;5;5;5;5
303;Egitim;4;Erkek;2.80;2;2;3;3;3;3;2;2;3;3;4;2;2;2;3;3;3;3;2;4
304;Egitim;3;Kadýn;3.15;2;2;4;3;4;2;4;4;3;5;3;3;3;4;3;2;4;4;4;4
305;Diger;4;Kadýn;2.68;4;2;2;2;2;2;2;2;2;2;2;3;2;1;3;2;2;2;3;2
306;Diger;4;Kadýn;3.88;2;1;1;2;2;2;NA;1;1;3;1;3;2;1;1;3;2;1;1;4
307;Diger;2;Erkek;3.85;3;2;4;5;3;3;4;3;4;4;3;3;2;2;3;3;3;3;1;5
308;Diger;3;Erkek;2.37;3;2;4;3;4;4;3;4;2;4;4;2;4;3;3;3;3;3;4;4
309;Egitim;4;Kadýn;3.50;2;1;1;2;2;1;1;2;3;2;1;3;1;1;2;1;1;1;2;1
310;Diger;1;Erkek;3.92;3;2;3;4;3;3;2;2;4;3;4;4;3;3;3;3;3;3;4;4
311;Diger;1;Erkek;3.50;2;1;3;2;3;NA;NA;2;2;2;3;3;2;2;3;2;2;2;2;3
312;Diger;1;Erkek;2.90;4;5;4;5;5;3;3;3;3;4;2;3;4;4;5;5;3;3;4;2
313;Diger;1;Erkek;3.75;4;3;4;4;3;5;4;4;4;5;1;3;4;5;5;5;5;5;5;5
314;Diger;2;Erkek;1.08;3;1;5;3;3;5;4;2;3;5;3;2;3;2;3;5;3;2;3;4
315;Diger;2;Kadýn;2.20;2;3;2;1;1;2;5;2;1;1;2;1;2;1;1;2;1;2;1;1
316;Diger;2;Erkek;1.26;4;3;5;4;5;4;5;5;5;2;2;5;2;2;3;1;4;3;4;2
317;Diger;2;Erkek;1.90;1;2;1;2;1;3;2;3;4;3;4;2;2;1;1;2;2;4;2;2
318;Egitim;4;Kadýn;2.86;5;1;1;1;5;1;1;5;5;1;5;1;5;5;5;5;5;5;5;5
319;Diger;4;Kadýn;2.93;3;4;4;3;3;5;3;4;3;4;3;2;3;3;3;3;3;3;3;3
320;Diger;1;Erkek;2.00;3;3;4;3;NA;3;4;3;3;2;3;4;2;3;4;2;4;3;2;3
321;Diger;1;Kadýn;2.83;3;3;3;3;3;3;3;3;3;3;3;2;5;4;5;4;4;4;4;5
322;Diger;1;Kadýn;2.80;2;1;3;3;4;2;3;4;2;1;2;3;1;1;1;1;3;4;2;2
323;Diger;1;Kadýn;2.53;1;1;1;1;1;1;1;1;2;1;2;1;1;2;1;2;2;4;2;2
324;Diger;1;Kadýn;2.84;2;3;1;1;3;2;3;1;5;3;4;2;1;2;3;3;3;1;3;5
325;Diger;1;Kadýn;3.29;3;4;2;5;5;5;3;5;5;5;5;5;4;4;1;3;3;3;3;5
326;Diger;2;Erkek;2.77;2;2;2;1;1;3;1;1;1;1;1;1;4;2;4;2;1;1;3;3
327;Diger;2;Erkek;2.80;3;3;2;1;5;4;3;5;5;4;5;5;3;2;1;1;3;3;2;1
328;Diger;2;Erkek;2.94;2;2;2;2;2;2;2;2;2;3;2;2;2;1;3;2;2;2;2;4
329;Diger;2;Erkek;2.68;3;2;3;2;2;2;2;1;1;1;1;1;3;1;1;1;2;5;2;2
330;Diger;2;Kadýn;2.80;3;5;3;3;3;3;4;3;1;2;3;2;1;3;4;1;1;1;2;1
331;Diger;2;Kadýn;3.29;5;3;5;2;5;2;2;2;2;2;2;2;1;1;4;1;1;4;1;2
332;Diger;2;Kadýn;3.50;2;2;2;2;2;2;2;2;2;2;2;2;2;4;2;2;1;2;2;2
333;Diger;2;Kadýn;3.01;4;3;4;3;1;4;3;3;3;3;3;3;2;2;3;2;2;3;2;3
334;Diger;2;Kadýn;3.00;5;1;4;1;1;4;2;1;5;5;3;5;2;1;2;5;2;1;1;2
335;Diger;2;Kadýn;2.80;5;5;4;5;5;4;4;4;5;5;5;2;1;1;4;1;1;2;5;1
336;Diger;2;Erkek;2.20;5;3;3;4;4;3;4;3;3;3;4;3;5;3;5;3;4;2;4;3
337;Diger;2;Kadýn;3.15;3;3;3;3;3;3;3;3;3;3;3;3;1;1;3;2;2;2;3;3
338;Diger;2;Erkek;3.00;3;4;4;4;4;4;5;4;5;4;5;4;3;3;4;2;3;4;4;4
339;Diger;2;Kadýn;3.00;4;3;2;1;3;5;3;2;2;4;3;4;4;5;NA;5;4;1;2;2
340;Diger;2;Erkek;3.17;5;3;3;2;2;3;3;1;4;2;3;4;1;1;4;5;4;2;2;3
341;Diger;2;Kadýn;3.70;3;3;2;3;2;3;3;2;2;2;3;3;2;2;3;4;4;2;3;4
342;Diger;2;Kadýn;3.02;5;3;5;4;5;5;5;3;3;5;5;1;5;2;5;5;1;2;5;3
343;Diger;2;Kadýn;3.30;4;2;4;4;1;4;2;3;4;4;5;5;3;1;1;5;3;3;5;5
344;Diger;2;Kadýn;2.70;1;1;1;2;2;3;1;1;1;1;1;1;3;1;2;2;3;3;1;1
345;Diger;2;Kadýn;2.57;3;4;5;5;5;5;5;5;5;1;5;5;2;1;2;1;5;3;3;3
346;Diger;2;Kadýn;3.31;4;2;4;4;5;3;4;4;4;5;3;4;4;3;5;4;4;5;5;5
347;Diger;2;Kadýn;3.27;5;2;NA;4;2;2;3;3;3;3;2;2;3;2;2;3;4;3;3;3
348;Diger;2;Erkek;2.60;3;2;4;2;2;1;1;2;2;2;3;2;2;2;3;3;2;3;4;2
349;Diger;2;Erkek;2.71;4;5;4;4;4;4;4;4;5;4;4;5;3;1;3;2;3;4;4;4
350;Diger;2;Erkek;3.07;2;5;1;3;4;5;4;3;4;4;4;3;3;2;4;3;2;4;4;3
351;Diger;3;Kadýn;3.40;2;2;4;2;3;3;4;2;2;2;2;3;2;1;1;4;5;2;4;2
352;Diger;2;Kadýn;3.17;4;3;3;4;4;5;3;2;5;4;3;4;4;2;5;2;1;3;2;3
353;Diger;2;Kadýn;3.40;2;3;2;3;3;2;3;2;3;1;3;2;4;3;3;4;3;2;2;2
354;Diger;2;Kadýn;3.16;2;1;2;1;2;2;1;2;5;1;2;2;2;5;1;2;1;5;1;5
355;Diger;2;Erkek;2.96;4;4;4;3;4;4;4;4;5;4;4;4;2;2;5;1;2;2;4;2
356;Diger;2;Kadýn;3.20;3;3;3;3;3;1;2;4;4;4;1;3;3;3;3;3;3;5;2;4
357;Diger;2;Erkek;3.04;4;1;2;1;2;2;1;3;5;2;1;1;2;2;2;2;2;2;1;1
358;Diger;2;Kadýn;2.80;3;5;4;4;5;3;3;5;5;3;5;4;1;2;3;1;1;1;3;5
359;Egitim;2;Kadýn;3.50;3;4;4;2;3;3;3;3;3;2;3;3;3;3;3;2;3;2;2;3
360;Egitim;2;Kadýn;3.30;4;2;3;3;2;2;2;1;3;2;2;1;2;4;3;3;2;4;2;2
361;Egitim;3;Kadýn;3.07;4;1;3;4;1;5;1;4;3;5;4;3;3;3;5;3;3;3;3;4
362;Egitim;3;Kadýn;3.03;5;3;4;4;4;3;5;4;5;2;4;5;2;1;2;2;2;1;3;4
363;Egitim;2;Kadýn;3.18;3;1;2;3;4;3;1;3;5;3;1;3;3;1;3;3;1;3;3;1
364;Egitim;2;Kadýn;3.28;2;1;3;3;3;3;4;3;4;3;3;3;3;2;1;1;3;3;3;3
365;Egitim;2;Kadýn;3.09;1;1;1;1;1;1;3;1;1;1;1;1;1;1;1;1;1;4;2;1
366;Egitim;2;Kadýn;3.18;2;1;2;2;3;2;1;2;1;2;2;2;1;1;2;1;5;4;2;4
367;Egitim;2;Kadýn;3.49;1;1;1;1;1;1;1;1;1;1;1;1;1;1;3;1;2;2;3;2
368;Egitim;2;Kadýn;2.20;4;5;4;3;4;5;4;3;3;2;4;2;3;2;4;3;4;2;3;3
369;Egitim;2;Kadýn;3.01;1;5;4;4;5;5;5;2;2;4;5;1;1;1;3;2;1;3;3;3
370;Egitim;2;Kadýn;3.00;4;4;4;2;1;4;4;4;3;4;4;4;2;4;4;3;2;2;2;2
371;Egitim;2;Erkek;3.07;1;2;2;2;2;2;4;2;2;2;2;1;1;1;1;2;2;NA;1;3
372;Egitim;3;Kadýn;3.02;2;1;1;1;1;2;1;1;1;1;2;1;3;2;3;2;2;3;3;4
373;Egitim;3;Kadýn;3.38;1;1;1;2;1;2;3;1;2;4;1;4;1;2;1;1;1;2;1;1
374;Egitim;3;Kadýn;2.00;1;1;1;1;1;1;1;1;1;1;1;3;1;1;3;1;3;1;3;3
375;Egitim;3;Kadýn;2.80;2;2;3;4;4;2;2;4;3;2;4;2;4;3;4;3;4;4;3;4
376;Egitim;3;Kadýn;3.42;2;1;2;2;5;1;1;1;4;4;1;5;1;3;5;5;2;3;1;5
377;Egitim;3;Kadýn;2.87;2;1;1;1;2;3;1;2;3;2;2;1;4;2;3;3;2;3;3;2
378;Egitim;3;Erkek;2.40;4;3;4;3;4;3;2;4;3;3;3;4;1;2;4;2;2;3;2;3
379;Egitim;3;Kadýn;2.78;1;1;1;1;1;1;1;1;1;1;1;1;1;1;3;2;2;4;3;1
380;Egitim;3;Kadýn;3.02;4;2;3;2;4;3;4;3;1;NA;4;4;3;3;3;3;2;4;3;2
381;Egitim;3;Kadýn;3.60;1;4;1;2;3;4;1;1;2;1;NA;NA;1;2;3;2;5;3;3;1
382;Egitim;3;Kadýn;2.93;3;1;4;2;4;4;1;4;1;5;2;3;2;3;2;3;1;5;5;3
383;Egitim;3;Kadýn;3.10;4;5;4;4;5;5;1;5;5;3;5;3;2;2;4;2;2;3;5;4
384;Egitim;3;Kadýn;3.01;2;1;1;3;3;5;3;3;3;3;3;3;1;5;5;1;3;3;3;3
385;Egitim;3;Kadýn;2.67;2;4;3;3;2;2;1;3;2;4;2;2;1;2;4;4;1;4;5;5
386;Egitim;3;Kadýn;2.60;5;5;5;4;5;5;5;5;5;5;5;5;5;5;5;2;2;4;5;3
387;Egitim;3;Kadýn;2.69;5;5;5;5;5;5;5;5;5;5;5;5;4;3;4;3;2;4;5;5
388;Egitim;3;Kadýn;2.96;3;1;2;2;2;3;3;3;2;2;4;3;1;1;1;1;1;3;1;1
389;Egitim;3;Kadýn;3.10;2;2;3;3;2;3;2;3;4;2;3;1;2;4;3;2;1;3;4;2
390;Egitim;2;Kadýn;3.11;2;3;4;4;4;3;4;2;3;NA;3;4;2;2;2;2;2;2;2;3
391;Egitim;2;Kadýn;3.20;3;3;2;1;3;3;2;3;3;5;5;4;3;5;5;3;2;1;3;3
392;Egitim;2;Erkek;3.20;3;2;3;2;3;3;5;4;5;2;2;5;4;3;4;3;3;3;4;5
393;Egitim;2;Erkek;2.96;2;1;2;2;2;3;3;3;2;3;2;2;1;1;1;1;1;1;2;1
394;Egitim;2;Kadýn;3.33;4;2;4;3;2;4;4;3;4;4;4;3;2;1;4;2;4;3;4;4
395;Egitim;2;Kadýn;2.79;4;3;4;4;4;4;4;4;4;3;4;4;5;4;5;3;3;5;4;5
396;Egitim;2;Kadýn;3.21;5;1;1;2;2;5;4;4;2;2;4;3;5;5;5;3;1;4;4;3
397;Egitim;2;Kadýn;3.53;3;4;4;1;4;4;4;4;3;3;5;3;4;3;5;3;4;4;4;4
398;Egitim;2;Kadýn;3.60;4;1;4;3;5;5;4;5;3;2;4;2;4;2;3;1;3;1;3;2
399;Egitim;2;Kadýn;3.11;3;2;3;2;1;3;2;3;3;3;3;1;2;3;4;2;4;2;2;3
400;Egitim;3;Kadýn;3.35;4;4;4;4;4;4;2;5;5;2;4;5;2;4;5;5;2;3;3;4
401;Egitim;4;Kadýn;3.55;2;2;1;2;1;1;3;2;3;1;1;3;2;1;1;4;1;1;1;4
402;Egitim;3;Kadýn;3.31;2;1;2;3;2;1;1;1;2;3;3;1;3;4;3;1;1;5;3;5
403;Egitim;3;Kadýn;3.39;3;4;4;3;2;3;4;2;4;2;4;2;2;2;3;2;2;2;2;2
404;Egitim;3;Kadýn;3.21;5;3;5;3;2;5;3;4;5;5;3;4;4;2;5;2;2;3;3;2
405;Egitim;3;Kadýn;3.49;1;1;1;2;2;3;3;2;3;3;2;3;1;1;2;3;2;3;2;5
406;Egitim;4;Kadýn;3.11;4;5;5;1;4;3;4;5;5;3;3;3;3;3;5;3;3;3;1;3
407;Egitim;3;Kadýn;3.50;3;1;2;1;2;3;4;3;3;3;2;3;1;1;2;1;3;2;3;3
408;Egitim;3;Kadýn;3.05;4;2;3;5;5;1;5;4;4;2;5;1;2;4;1;3;5;3;2;4
409;Egitim;2;Kadýn;3.57;1;1;3;1;1;4;1;3;1;3;1;5;1;1;1;1;1;1;5;1
410;Egitim;4;Erkek;2.91;2;2;4;3;3;2;4;3;3;2;2;2;2;3;3;2;2;3;4;4
411;Egitim;3;Kadýn;2.82;4;5;3;3;4;5;5;4;2;5;5;2;1;1;4;2;1;3;4;1
412;Egitim;2;Erkek;2.97;4;3;4;4;3;3;2;3;2;2;2;5;2;3;2;2;2;3;4;4
413;Egitim;2;Erkek;3.10;4;4;4;2;4;4;5;4;4;4;5;3;3;2;2;5;3;3;3;4
414;Egitim;2;Erkek;2.60;3;3;3;3;3;3;2;4;2;1;4;2;2;3;4;3;3;4;3;2
415;Egitim;3;Erkek;3.40;2;2;2;3;2;4;2;2;2;3;2;2;2;3;4;5;3;3;4;3
416;Egitim;2;Erkek;2.30;4;3;4;2;4;4;5;4;4;3;4;2;3;3;3;2;2;3;3;4
417;Egitim;3;Kadýn;3.42;2;1;4;3;1;3;3;4;2;3;3;1;4;3;5;3;1;3;2;3
418;Egitim;3;Kadýn;2.91;2;1;2;1;1;1;1;1;1;1;1;2;4;2;4;2;5;5;1;1
419;Egitim;2;Kadýn;3.39;3;3;4;4;4;5;4;4;4;4;3;5;5;5;5;4;5;5;5;5
420;Egitim;3;Erkek;3.21;3;4;4;3;4;3;4;3;4;4;4;3;2;NA;2;2;2;3;2;3
421;Egitim;2;Kadýn;3.64;4;3;2;3;4;4;3;4;4;5;5;3;5;4;5;1;4;3;3;3
422;Egitim;2;Kadýn;3.43;3;3;3;3;3;3;3;3;3;3;3;3;2;2;2;1;3;3;3;3
423;Egitim;2;Kadýn;3.58;5;5;3;3;4;3;3;3;3;5;5;1;5;3;5;1;3;2;2;3
424;Egitim;2;Kadýn;3.45;4;2;4;4;2;5;2;5;4;1;3;3;3;4;5;2;5;4;5;3
425;Egitim;2;Kadýn;2.90;4;1;4;3;4;5;4;4;1;2;5;4;3;2;2;3;3;2;2;2
426;Egitim;3;Kadýn;3.50;3;4;4;4;3;3;2;3;2;3;NA;NA;3;2;3;3;3;2;4;NA
427;Egitim;4;Kadýn;3.10;1;4;3;2;3;2;2;4;2;3;1;3;4;2;3;2;3;2;2;3
428;Egitim;3;Kadýn;2.75;5;4;5;3;5;5;5;3;4;5;4;3;4;2;4;3;2;3;1;1
429;Egitim;3;Kadýn;3.25;2;2;4;2;4;3;4;3;4;3;4;4;4;2;3;3;4;3;4;3
430;Egitim;4;Erkek;3.60;4;4;4;4;2;4;5;4;5;4;4;4;3;4;4;3;4;4;4;4
431;Egitim;4;Erkek;3.89;5;5;4;5;5;5;4;5;5;5;4;5;3;3;3;2;4;4;3;4
432;Egitim;2;Erkek;2.60;5;5;5;4;5;5;5;2;5;5;2;3;4;1;5;5;3;1;4;5
433;Egitim;2;Kadýn;3.37;2;2;3;3;4;3;2;3;3;4;4;3;2;1;2;2;2;3;2;2
434;Egitim;1;Kadýn;2.88;4;5;4;5;5;4;5;4;3;4;5;4;5;4;5;5;5;4;3;5
435;Egitim;1;Kadýn;3.41;3;2;1;4;5;5;4;3;3;2;3;4;2;3;5;3;4;3;3;1
436;Egitim;1;Kadýn;3.40;4;4;4;4;4;5;4;4;4;5;5;2;3;3;5;3;3;4;4;3
437;Egitim;1;Kadýn;3.43;2;1;4;1;1;5;4;3;1;1;4;1;2;1;3;3;1;1;1;5
438;Egitim;1;Kadýn;3.60;2;1;2;3;2;2;2;2;3;2;2;3;2;3;3;1;1;NA;3;3
439;Egitim;1;Kadýn;3.40;4;4;4;3;4;2;3;4;2;3;3;2;3;2;4;2;1;4;4;4
440;Egitim;1;Kadýn;3.04;1;4;1;1;1;5;1;3;1;1;1;1;1;1;1;1;1;1;1;1
441;Egitim;1;Kadýn;3.60;2;2;1;2;1;2;3;3;1;3;3;1;1;1;2;2;1;5;2;1
442;Egitim;1;Kadýn;3.35;2;1;2;3;3;4;1;2;3;2;3;1;2;4;5;2;2;3;2;4
443;Egitim;1;Kadýn;3.00;1;1;1;1;1;1;1;1;1;1;2;1;1;1;1;1;1;4;2;1
444;Egitim;3;Erkek;3.30;5;5;4;5;5;5;5;5;5;5;5;5;4;1;2;2;2;5;1;5
445;Egitim;1;Kadýn;3.37;1;3;1;2;3;2;3;2;1;4;1;1;1;1;1;2;1;4;2;1
446;Egitim;1;Erkek;3.01;4;3;4;4;4;5;4;4;5;5;4;5;2;2;3;3;3;3;3;3
447;Egitim;1;Kadýn;3.56;1;1;1;1;1;1;1;1;1;1;1;1;1;2;3;2;2;2;3;4
448;Egitim;1;Kadýn;3.52;2;1;1;2;2;2;1;1;1;1;3;1;1;2;4;3;1;1;2;2
449;Egitim;1;Erkek;2.96;3;5;4;4;5;5;4;3;4;5;5;4;2;2;3;3;3;2;2;4
450;Egitim;1;Kadýn;3.35;1;1;1;2;5;5;3;3;2;3;2;3;3;3;5;2;3;4;3;5
451;Egitim;1;Kadýn;3.40;2;1;4;3;4;4;3;2;4;4;2;1;3;2;2;2;3;3;3;2
452;Egitim;1;Kadýn;3.50;1;2;5;4;1;4;4;4;4;4;3;1;4;3;5;4;3;4;5;5
453;Egitim;1;Kadýn;2.81;2;4;2;4;3;2;3;4;2;2;3;2;2;2;2;3;2;4;3;3
454;Egitim;1;Kadýn;3.31;2;2;3;2;2;2;3;2;2;2;3;2;1;2;3;2;2;2;3;2
455;Egitim;2;Erkek;2.89;4;4;4;5;5;3;4;5;2;4;5;3;4;4;4;3;3;4;3;4
456;Egitim;2;Kadýn;3.16;4;4;4;4;4;4;4;4;4;4;4;4;3;3;3;2;3;3;4;4
457;Egitim;1;Kadýn;3.29;3;2;4;3;2;4;5;3;3;2;3;2;2;4;4;3;5;2;4;3
458;Egitim;1;Kadýn;3.49;3;2;4;5;3;4;3;4;5;5;3;4;1;2;5;2;4;4;3;1
459;Egitim;1;Kadýn;3.27;4;5;5;4;4;4;4;4;5;4;4;2;4;4;5;3;4;5;3;4
460;Egitim;1;Kadýn;3.40;1;1;1;1;2;1;1;1;1;5;5;3;1;1;1;5;1;5;5;2
461;Egitim;3;Kadýn;3.33;4;3;3;2;3;2;2;2;3;3;5;2;3;1;1;1;2;2;1;1
462;Egitim;1;Erkek;2.76;1;1;1;3;1;2;1;2;1;1;2;2;1;4;4;2;2;2;2;5
463;Egitim;1;Kadýn;3.31;2;2;2;1;1;1;1;1;1;1;2;1;1;1;1;1;5;1;1;1
464;Egitim;1;Kadýn;2.75;4;3;4;3;4;4;2;4;4;3;4;3;3;3;3;3;4;3;3;3
465;Egitim;1;Kadýn;3.07;1;4;1;4;1;4;1;2;3;5;1;1;4;4;5;2;2;5;3;5
466;Egitim;3;Erkek;3.00;4;3;4;3;4;5;4;3;4;5;5;5;4;3;4;5;3;4;4;4
467;Egitim;1;Kadýn;3.30;2;2;3;2;3;2;3;3;2;2;3;2;2;2;2;2;2;2;2;2
468;Egitim;1;Kadýn;3.11;2;1;3;3;3;4;4;3;4;2;3;2;1;1;2;3;2;3;2;2
469;Egitim;1;Kadýn;3.11;4;3;4;4;4;4;2;4;5;4;4;4;4;3;4;2;3;4;3;4
470;Egitim;1;Kadýn;3.22;4;4;4;4;4;5;4;4;4;4;4;2;4;3;4;2;3;4;4;3
471;Egitim;1;Kadýn;3.12;1;1;1;1;1;1;1;1;1;1;1;1;1;1;4;3;1;5;1;1
472;Egitim;1;Erkek;3.00;3;2;5;2;2;4;3;4;4;2;4;1;4;2;3;2;3;2;3;3
473;Egitim;3;Erkek;2.70;5;1;1;2;2;1;1;2;2;1;2;3;1;1;5;1;5;1;3;1
474;Egitim;3;Erkek;3.15;5;3;5;5;4;4;5;5;5;4;5;5;2;2;5;2;2;4;5;2
475;Egitim;1;Kadýn;3.17;5;2;1;3;5;4;4;4;2;3;5;1;2;2;4;3;5;4;3;1
476;Egitim;1;Kadýn;3.48;5;5;5;5;4;5;5;5;5;5;5;4;5;4;5;4;4;5;3;5
477;Egitim;1;Kadýn;2.71;2;3;3;3;3;3;3;3;3;3;3;3;2;4;3;3;4;3;3;3
478;Egitim;1;Kadýn;3.59;5;5;5;3;5;5;5;5;5;5;NA;5;4;3;4;3;3;3;2;4
479;Egitim;2;Kadýn;3.20;4;3;4;4;4;3;4;4;4;3;4;4;3;4;5;3;4;4;5;5
480;Egitim;2;Kadýn;3.35;4;4;4;4;2;4;4;4;5;2;3;4;5;4;5;3;3;5;5;5
481;Egitim;2;Kadýn;3.15;4;4;4;2;NA;2;3;4;2;2;3;2;3;2;3;3;2;3;3;4
482;Egitim;1;Erkek;3.46;1;1;1;4;1;5;2;5;1;3;3;1;1;1;2;1;1;1;1;1
483;Egitim;2;Erkek;2.60;5;4;5;1;NA;2;1;3;3;3;2;1;1;1;3;5;5;1;1;1
484;Egitim;3;Kadýn;3.43;3;4;3;4;4;4;3;5;4;4;5;5;1;2;3;2;2;2;3;3
485;Egitim;2;Kadýn;2.68;4;5;4;2;3;4;5;4;3;4;4;4;2;1;5;3;2;2;5;3
486;Egitim;2;Kadýn;3.18;3;2;3;3;4;3;3;3;3;3;3;1;2;4;4;4;4;2;4;4
487;Egitim;2;Kadýn;3.02;2;2;2;2;2;2;2;1;2;2;1;2;1;2;1;2;2;2;1;2
488;Egitim;2;Kadýn;2.70;5;4;4;4;4;4;3;4;4;4;4;4;4;3;4;3;4;3;3;3
489;Egitim;2;Kadýn;3.35;4;1;4;3;4;3;4;4;3;4;3;4;3;3;3;3;4;3;2;3
490;Egitim;3;Kadýn;3.60;4;3;4;3;4;2;2;3;3;2;4;4;4;4;4;4;4;3;3;4
491;Egitim;3;Kadýn;3.33;5;3;4;5;5;5;5;5;5;5;5;5;5;5;5;5;5;5;5;4
492;Egitim;2;Kadýn;3.38;3;2;3;2;1;4;2;4;5;1;3;5;1;4;4;3;4;3;3;5
493;Egitim;2;Kadýn;3.19;2;1;3;2;2;2;3;2;2;2;1;2;1;1;1;2;1;1;1;1
494;Egitim;2;Kadýn;3.21;1;2;2;2;2;2;2;2;2;2;2;2;1;1;1;2;2;2;2;2
495;Egitim;2;Erkek;3.41;1;1;1;1;1;1;1;1;1;1;3;3;5;5;1;4;5;3;5;3
496;Egitim;2;Kadýn;3.60;1;1;1;4;2;3;2;1;1;1;1;1;2;2;5;2;1;2;2;2
497;Egitim;2;Kadýn;3.54;1;4;1;1;2;1;1;2;1;1;1;1;1;1;1;1;1;1;1;1
498;Egitim;2;Erkek;3.16;5;3;3;3;2;1;3;1;3;2;3;2;2;NA;NA;2;5;3;3;4
499;Egitim;2;Kadýn;3.38;2;2;4;1;4;1;1;3;4;1;3;3;2;2;3;2;2;2;3;3
500;Egitim;2;Kadýn;3.20;2;3;4;2;1;3;2;1;1;2;2;2;1;1;1;2;2;1;1;1
501;Egitim;2;Kadýn;3.40;4;3;4;4;3;4;5;4;4;4;4;4;3;3;3;3;2;3;2;2
502;Egitim;2;Kadýn;3.42;3;4;4;3;4;4;3;4;4;4;4;4;3;3;4;3;3;4;4;3
503;Egitim;2;Erkek;2.80;4;4;4;4;3;5;4;4;4;4;4;4;3;3;5;4;3;5;4;4
504;Egitim;2;Kadýn;3.00;1;2;1;3;1;3;1;2;1;1;2;1;1;1;2;1;2;4;4;4
505;Egitim;2;Kadýn;3.30;4;3;3;4;4;1;3;4;4;1;4;3;3;3;3;3;3;3;3;3
506;Egitim;2;Erkek;3.00;5;1;5;5;5;5;5;5;5;5;5;5;4;4;5;4;1;2;5;5
507;Egitim;4;Kadýn;2.90;3;2;3;4;5;4;4;4;3;5;4;4;2;2;4;4;3;4;2;2
508;Egitim;4;Kadýn;3.88;4;3;3;1;2;5;5;3;3;3;2;1;4;3;4;4;5;5;5;4
509;Egitim;2;Kadýn;3.49;1;4;1;4;3;5;4;4;5;4;3;5;5;2;3;2;3;2;3;3
510;Egitim;2;Erkek;3.29;2;2;2;2;2;4;3;2;4;3;4;3;2;2;3;2;2;4;4;3
511;Egitim;2;Erkek;3.22;3;1;4;4;5;3;4;4;5;5;5;5;5;4;5;3;3;4;5;2
512;Egitim;2;Erkek;3.02;1;2;1;1;2;2;3;2;1;1;1;3;2;2;2;2;2;3;4;3
513;Egitim;2;Kadýn;3.43;4;4;5;3;5;4;4;4;5;5;5;5;2;2;3;1;1;2;3;1
514;Egitim;2;Kadýn;2.80;3;4;2;3;4;3;2;2;3;3;4;3;4;3;3;4;3;4;2;3
515;Egitim;2;Kadýn;2.59;3;1;3;3;4;4;4;3;2;4;2;4;3;4;4;3;4;3;3;4
516;Egitim;2;Kadýn;3.40;1;1;1;1;2;2;1;2;1;1;1;1;1;1;2;1;1;2;2;1
517;Egitim;2;Erkek;2.56;5;3;4;NA;3;5;5;5;5;5;5;5;5;5;5;5;5;1;1;1
518;Egitim;2;Erkek;2.30;2;1;1;1;3;3;1;3;1;1;1;1;1;1;1;1;1;1;1;1
519;Egitim;2;Erkek;2.83;3;2;4;2;4;3;2;3;3;3;2;3;3;3;3;3;1;4;3;4
520;Egitim;2;Erkek;2.90;4;2;4;5;3;5;4;4;1;4;1;2;4;2;4;3;4;3;5;4
521;Egitim;2;Kadýn;2.98;2;2;3;2;2;3;3;2;2;1;3;2;2;4;3;2;2;2;2;2
522;Egitim;2;Kadýn;3.10;3;3;3;3;3;4;4;4;3;3;3;4;1;3;3;2;4;3;2;2
523;Egitim;2;Kadýn;3.10;5;1;1;4;5;5;5;5;5;5;5;5;4;5;1;5;4;5;5;5
524;Egitim;2;Kadýn;3.17;5;3;4;4;5;5;5;5;5;4;4;5;2;2;5;3;3;3;5;5
525;Egitim;2;Kadýn;2.68;4;4;4;4;5;2;5;4;5;2;4;5;2;2;5;2;2;3;4;3
526;Egitim;2;Kadýn;3.33;3;3;2;3;5;3;3;4;3;3;4;3;1;1;3;3;3;3;3;2
527;Egitim;2;Kadýn;3.41;3;3;4;2;3;2;4;2;4;4;4;4;2;2;2;2;2;1;4;1
528;Egitim;3;Kadýn;2.90;4;3;4;3;1;3;3;3;5;3;3;3;3;3;5;5;4;4;3;5
529;Egitim;2;Kadýn;3.31;4;2;4;4;4;4;3;4;4;4;4;4;3;3;4;3;4;4;3;4
530;Egitim;3;Kadýn;3.00;5;5;5;5;5;5;4;5;5;5;5;5;1;5;5;5;5;5;5;3
531;Egitim;2;Erkek;3.17;1;1;1;1;1;1;1;2;1;1;2;1;1;5;5;1;1;1;1;1
